ProductID,ProductName,Category,Price,InStock
1,Involve Recently,Electronics,231.33,415
2,Prepare South,Clothing,124.16,846
3,Fund Will,Electronics,293.76,437
4,City Happen,Clothing,29.09,527
5,Allow At,Groceries,144.27,335
6,Mouth Attack,Groceries,300.77,88
7,Two Toward,Books,422.21,410
8,Behind Trial,Home,337.9,685
9,Leave Form,Electronics,146.45,97
10,Operation Sister,Home,9.05,189
11,Hundred Figure,Clothing,58.21,143
12,Build Medical,Books,71.3,488
13,Cultural Society,Groceries,135.91,331
14,Expert Side,Groceries,186.06,958
15,Whole Still,Books,204.61,254
16,Significant Clearly,Electronics,27.39,6
17,Reveal Court,Home,30.32,267
18,Create Pattern,Clothing,283.1,392
19,Figure Just,Home,184.45,241
20,Sea Kid,Groceries,147.86,457
21,Debate Decade,Books,196.24,771
22,Truth Part,Groceries,227.93,273
23,Do Deal,Groceries,277.18,976
24,Blood Report,Clothing,413.53,337
25,Summer Leg,Electronics,313.5,309
26,Relationship Wife,Electronics,307.47,596
27,Truth Thought,Clothing,68.69,740
28,Authority Court,Books,52.86,586
29,Yeah Herself,Home,189.73,11
30,Church Want,Books,493.46,267
31,Television Citizen,Home,281.13,669
32,Air Account,Electronics,185.98,368
33,Magazine Staff,Groceries,76.41,709
34,Hundred So,Groceries,303.22,241
35,Development Hundred,Books,203.69,63
36,Police Moment,Clothing,24.93,683
37,May Form,Home,24.26,121
38,Senior Light,Groceries,358.23,476
39,Public Each,Books,402.96,314
40,Customer Worker,Clothing,262.07,163
41,There Serious,Electronics,78.73,415
42,Economic Candidate,Clothing,447.1,702
43,Build Energy,Electronics,74.19,514
44,South Than,Books,466.03,945
45,She Open,Clothing,162.67,916
46,Few Current,Books,199.51,909
47,Car Approach,Electronics,310.17,720
48,Protect Voice,Groceries,422.09,788
49,Since Must,Groceries,298.89,318
50,Relate Court,Electronics,256.12,706
51,Necessary Traditional,Home,257.31,120
52,Full Anything,Home,247.47,654
53,Action Pick,Groceries,283.65,938
54,Break Military,Groceries,240.07,963
55,Early List,Clothing,13.24,302
56,Indicate Color,Clothing,168.96,376
57,Blue Practice,Groceries,59.25,629
58,Should Feeling,Home,211.19,226
59,Activity Event,Clothing,157.3,224
60,Per Former,Electronics,449.89,980
61,Morning Safe,Clothing,436.69,136
62,Word Strategy,Clothing,316.48,489
63,Item Star,Clothing,300.47,156
64,Baby Near,Books,136.44,465
65,Woman Away,Electronics,329.52,765
66,Pass Up,Groceries,486.17,620
67,Now Sound,Home,291.34,382
68,Bit Same,Home,117.63,425
69,A Spend,Groceries,30.42,718
70,Itself Peace,Books,242.82,562
71,Toward Choose,Home,264.5,934
72,Early Ball,Clothing,361.99,482
73,Very Another,Home,388.43,775
74,World Rest,Electronics,193.19,550
75,Term Black,Electronics,411.72,821
76,Investment If,Groceries,124.89,680
77,Market Community,Books,288.42,845
78,Hit Nature,Books,351.76,223
79,Study Already,Home,99.44,780
80,Guess He,Books,223.31,253
81,Statement White,Books,212.3,696
82,Nearly Commercial,Home,209.42,772
83,Next Shake,Electronics,105.93,610
84,Than Interest,Clothing,253.4,894
85,Old Government,Groceries,307.68,806
86,News Executive,Electronics,238.44,83
87,Business Reveal,Books,424.95,538
88,Main Far,Books,365.06,457
89,Indeed Course,Home,354.36,540
90,Brother Environmental,Groceries,261.75,720
91,Entire Bag,Clothing,282.64,370
92,Body Impact,Home,499.07,79
93,Land Type,Home,241.79,939
94,Read Book,Clothing,191.53,577
95,Positive Case,Clothing,478.56,114
96,History Only,Books,232.53,63
97,Share Though,Home,268.9,848
98,Industry Medical,Electronics,275.41,560
99,Save Both,Electronics,339.55,924
100,Way Blue,Home,434.49,517
101,People From,Clothing,341.97,207
102,Form Skill,Groceries,402.81,586
103,Between Allow,Clothing,135.86,549
104,Police More,Clothing,244.67,153
105,Religious Environmental,Groceries,478.88,168
106,Price Executive,Clothing,143.11,335
107,Try Bit,Groceries,152.76,874
108,Myself Decision,Home,471.04,532
109,Plan Travel,Groceries,491.22,452
110,Picture Now,Electronics,386.73,119
111,Way Health,Groceries,353.93,696
112,Season Material,Clothing,346.67,210
113,It They,Home,247.06,734
114,Memory Season,Groceries,242.5,597
115,Hospital Type,Clothing,282.44,500
116,Out Whether,Groceries,467.57,93
117,Challenge Table,Home,362.22,920
118,Six Standard,Home,147.46,522
119,Process Describe,Electronics,288.87,456
120,However Run,Home,273.88,828
121,Throughout Fast,Clothing,448.4,56
122,Toward Hotel,Home,200.29,464
123,Today Once,Home,175.84,135
124,Over Suddenly,Clothing,387.67,525
125,City Those,Clothing,77.51,425
126,Interview Reality,Home,25.82,467
127,Item Computer,Home,477.88,577
128,Condition Either,Groceries,44.12,59
129,Government Remain,Home,462.38,572
130,Personal Family,Electronics,329.71,473
131,Test Word,Electronics,374.93,688
132,Clearly Quite,Electronics,110.92,826
133,Subject State,Electronics,414.84,315
134,Care None,Home,139.21,740
135,Others Film,Groceries,283.2,22
136,Spend Some,Clothing,139.45,405
137,Miss Share,Home,59.07,260
138,Page Feeling,Books,371.74,836
139,Cut You,Home,123.44,3
140,Generation Continue,Electronics,30.13,763
141,Vote Ground,Books,453.07,223
142,Former Political,Home,116.71,592
143,Ten Beyond,Groceries,120.25,74
144,Risk Clear,Groceries,54.6,46
145,Different College,Books,168.5,433
146,Fast Environmental,Clothing,238.84,352
147,Sound Fall,Books,342.19,717
148,President Of,Groceries,73.05,65
149,Discover Certainly,Books,482.44,554
150,Against Congress,Electronics,489.07,61
151,Reflect Remain,Electronics,83.18,957
152,None Eye,Clothing,328.18,915
153,Situation Item,Books,440.92,70
154,Occur Door,Books,240.47,956
155,Computer Room,Books,327.02,483
156,Production Ago,Books,379.18,32
157,Population High,Clothing,147.19,293
158,Book International,Groceries,146.28,418
159,Early Development,Home,34.29,184
160,Record Mean,Clothing,385.52,787
161,Election Site,Groceries,327.89,138
162,War Deep,Groceries,119.95,784
163,General We,Groceries,370.65,656
164,Drug Series,Books,425.91,746
165,Feeling Blue,Clothing,23.46,661
166,Off Author,Groceries,461.13,986
167,Order Mr,Home,211.85,430
168,Both Draw,Home,419.61,383
169,No Chance,Electronics,467.29,912
170,Oil Hour,Groceries,22.99,391
171,Establish Little,Clothing,418.92,459
172,Contain Feel,Books,395.04,890
173,Sense Whether,Electronics,97.22,939
174,Table Line,Groceries,375.76,928
175,And Must,Books,436.78,386
176,Risk Forward,Clothing,148.29,384
177,Company Dream,Clothing,23.55,82
178,Billion Seek,Electronics,152.7,699
179,Fight Event,Electronics,303.38,987
180,Serious Thought,Groceries,464.59,677
181,Step Another,Books,170.85,895
182,Social Standard,Home,229.9,552
183,Economic Whom,Books,322.45,136
184,Should Late,Clothing,264.54,669
185,Realize Effort,Clothing,445.18,880
186,Church Carry,Groceries,71.43,356
187,Contain Try,Home,254.59,121
188,Military Thing,Groceries,140.05,182
189,Into Exactly,Clothing,405.36,550
190,Any Learn,Clothing,168.69,402
191,State Practice,Books,366.9,541
192,Challenge Hundred,Home,325.9,130
193,Across Worry,Books,360.71,745
194,Team Arrive,Books,11.97,228
195,Hour Center,Groceries,171.87,854
196,Color Exist,Books,151.04,3
197,Political You,Electronics,338.83,774
198,Marriage Sound,Electronics,100.61,23
199,Factor Finish,Books,307.42,305
200,Throw Free,Home,321.17,474
